Workbook

Sheet README
A1: HFVS -> SBM-DEA -> MILP: Excel Solver Replica ( County Spotlight added)
A6: Sheets in this workbook
A7: MILP_Model - the model itself: 47 real counties, Solver-ready.
A8: County_Spotlight - pick any one county from a dropdown and see three numbers for it: its solved allocation, how much MORE it could absorb right now without touching any other county's allocation, and its absolute ceiling if it had the entire budget and quota to itself. This directly answers 'what does the model imply for county X specifically'.
A9: Notebook_Reference - your original notebook's printed Regime A/B numbers, kept ONLY as a fixed reference to compare Solver's result against. No formula anywhere in this workbook reads from this sheet - it is not part of the model, just a printed record for your own checking. (This is deliberately identical-looking to some columns on MILP_Model - that is intentional, not a duplication bug: one sheet is the live model, this one is a frozen answer key.)
A11: How to run it
A12: 1. Enable Solver once: File > Options > Add-ins > 'Manage: Excel Add-ins' > Go > tick 'Solver Add-in' > OK.
A13: 2. Open MILP_Model. Data > Solver. Set Objective $R$3 to Max. By Changing Variable Cells $I$4:$J$50. Add constraints: $R$1<=$C$54 (budget), $R$2<=$C$55 (quota), $J$4:$J$50<=$L$4:$L$50 (capacity), $J$4:$J$50>=$M$4:$M$50 (floor), $I$4:$I$50=binary, $J$4:$J$50=integer. Solving method: Simplex LP. Solve, Keep Solution.
A14: 3. Then open County_Spotlight, pick a county from the dropdown in C3, and read its result.

Sheet Notebook_Reference
A1: FROZEN REFERENCE ONLY - your notebook's own printed Regime A/B output. Nothing on this sheet feeds any formula elsewhere in this workbook.
A2: county_name | B2: umax_units | C2: mean_hfvs | D2: rho_sbm_bc | E2: unit_cost_ksh | F2: units_A | G2: binding_A | H2: units_B | I2: binding_B
A3: Baringo | B3: 200 | C3: -0.039343079 | D3: 0.49293594 | E3: 3291493.9 | F3: 0 | G3: Not activated | H3: 100 | I3: National quota
A4: Bomet | B4: 200 | C4: -0.074642301 | D4: 0.92631401 | E4: 3291493.1 | F4: 200 | G4: Capacity | H4: 100 | I4: National quota
A5: Bungoma | B5: 205 | C5: -0.023210969 | D5: 1 | E5: 3291492.4 | F5: 205 | G5: Capacity | H5: 205 | I5: Capacity
A6: Busia | B6: 210 | C6: 0.095607117 | D6: 0.79362271 | E6: 3291493.1 | F6: 100 | G6: National quota | H6: 100 | I6: National quota
A7: Elgeyo-Marakwet | B7: 200 | C7: -0.043717567 | D7: 0.77807619 | E7: 3291507.4 | F7: 0 | G7: Not activated | H7: 100 | I7: National quota
A8: Embu | B8: 200 | C8: -0.040799405 | D8: 1 | E8: 3291493.1 | F8: 200 | G8: Capacity | H8: 100 | I8: National quota
A9: Garissa | B9: 200 | C9: -0.30649699 | D9: 1 | E9: 3291493.1 | F9: 0 | G9: Not activated | H9: 100 | I9: National quota
A10: Homa Bay | B10: 200 | C10: -0.041146785 | D10: 0.60688404 | E10: 3291489.4 | F10: 0 | G10: Not activated | H10: 100 | I10: National quota
A11: Isiolo | B11: 200 | C11: -0.23301788 | D11: 0.76242073 | E11: 3291494 | F11: 0 | G11: Not activated | H11: 100 | I11: National quota
A12: Kajiado | B12: 340 | C12: -0.23318458 | D12: 0.21187979 | E12: 3291492.4 | F12: 0 | G12: Not activated | H12: 100 | I12: National quota
A13: Kakamega | B13: 232 | C13: 0.12641086 | D13: 0.83320307 | E13: 3297151.9 | F13: 232 | G13: Capacity | H13: 232 | I13: Capacity
A14: Kericho | B14: 200 | C14: -0.10053518 | D14: 0.87560559 | E14: 3291493.1 | F14: 0 | G14: Not activated | H14: 100 | I14: National quota
... A49: West Pokot | B49: 200 | C49: -0.1234704 | D49: 1e-06 | E49: 3291489.4 | F49: 0 | G49: Not activated | H49: 100 | I49: National quota
A51: TOTAL units_A (notebook Regime A): 6000
A52: TOTAL cost_A (KSh): 19,750,934,482

Sheet MILP_Model
B1: Tier-3 MILP: Kenya Housing Levy Unit Allocation - Regime A (real county data) | Q1: SOLVER RESULTS BOX
Q2: Total cost (KSh) | R2: =SUM(N4:N50) -> 1.547116e+08
B3: # | C3: County | D3: cap_c (umax_units, REAL) | E3: mean_hfvs (REAL) | F3: rho_sbm_bc (REAL) | G3: gap_norm (0-1, formula) | H3: eff_norm (0-1, formula) | I3: x_c SOLVER | J3: u_c SOLVER | K3: weight * u_c (objective term) | L3: cap check u_c<=cap*x_c | M3: floor check u_c>=100*x_c | N3: unit_cost_ksh (REAL, per county) | O3: cost_c (KSh) | Q3: Total units | R3: =SUM(J4:J50) -> 6000
B4: 1 | C4: Baringo | D4: 200 | E4: -0.039343 | F4: 0.492936 | G4: =(E4-MIN($E$4:$E$50))/(MAX($E$4:$E$50)-MIN($E$4:$E$50)) -> 0.54042804 | H4: =(F4-MIN($F$4:$F$50))/(MAX($F$4:$F$50)-MIN($F$4:$F$50)) -> 0.49293549 | I4: 0 | J4: 0 | K4: =($C$57*G4+$C$58*H4)*J4 -> 0 | L4: =D4*I4 -> 0 | M4: =$C$56*I4 -> 0 | N4: 3291493.9 | O4: =N4*J4 -> 0 | Q4: OBJECTIVE (maximise) | R4: =SUM(K4:K50) -> 4736.5293
B5: 2 | C5: Bomet | D5: 200 | E5: -0.074642 | F5: 0.926314 | G5: =(E5-MIN($E$4:$E$50))/(MAX($E$4:$E$50)-MIN($E$4:$E$50)) -> 0.48912321 | H5: =(F5-MIN($F$4:$F$50))/(MAX($F$4:$F$50)-MIN($F$4:$F$50)) -> 0.92631393 | I5: 1 | J5: 100 | K5: =($C$57*G5+$C$58*H5)*J5 -> 66.39995 | L5: =D5*I5 -> 200 | M5: =$C$56*I5 -> 100 | N5: 3291493.1 | O5: =N5*J5 -> 329149311 | Q5: Budget slack (KSh) | R5: =$C$54-$R$2 -> 7.3045288e+10
B6: 3 | C6: Bungoma | D6: 205 | E6: -0.023211 | F6: 1 | G6: =(E6-MIN($E$4:$E$50))/(MAX($E$4:$E$50)-MIN($E$4:$E$50)) -> 0.56387486 | H6: =(F6-MIN($F$4:$F$50))/(MAX($F$4:$F$50)-MIN($F$4:$F$50)) -> 1 | I6: 1 | J6: 205 | K6: =($C$57*G6+$C$58*H6)*J6 -> 151.35661 | L6: =D6*I6 -> 205 | M6: =$C$56*I6 -> 100 | N6: 3291492.4 | O6: =N6*J6 -> 6.7475593e+08 | Q6: Quota slack (units) | R6: =$C$55-$R$3 -> 0
B7: 4 | C7: Busia | D7: 210 | E7: 0.095607 | F7: 0.793623 | G7: =(E7-MIN($E$4:$E$50))/(MAX($E$4:$E$50)-MIN($E$4:$E$50)) -> 0.73656917 | H7: =(F7-MIN($F$4:$F$50))/(MAX($F$4:$F$50)-MIN($F$4:$F$50)) -> 0.79362279 | I7: 1 | J7: 210 | K7: =($C$57*G7+$C$58*H7)*J7 -> 159.47203 | L7: =D7*I7 -> 210 | M7: =$C$56*I7 -> 100 | N7: 3291493.1 | O7: =N7*J7 -> 6.9121355e+08
B8: 5 | C8: Elgeyo-Marakwet | D8: 200 | E8: -0.043718 | F8: 0.778076 | G8: =(E8-MIN($E$4:$E$50))/(MAX($E$4:$E$50)-MIN($E$4:$E$50)) -> 0.53406926 | H8: =(F8-MIN($F$4:$F$50))/(MAX($F$4:$F$50)-MIN($F$4:$F$50)) -> 0.77807578 | I8: 0 | J8: 0 | K8: =($C$57*G8+$C$58*H8)*J8 -> 0 | L8: =D8*I8 -> 0 | M8: =$C$56*I8 -> 0 | N8: 3291507.4 | O8: =N8*J8 -> 0
B9: 6 | C9: Embu | D9: 200 | E9: -0.040799 | F9: 1 | G9: =(E9-MIN($E$4:$E$50))/(MAX($E$4:$E$50)-MIN($E$4:$E$50)) -> 0.53831183 | H9: =(F9-MIN($F$4:$F$50))/(MAX($F$4:$F$50)-MIN($F$4:$F$50)) -> 1 | I9: 1 | J9: 200 | K9: =($C$57*G9+$C$58*H9)*J9 -> 144.59742 | L9: =D9*I9 -> 200 | M9: =$C$56*I9 -> 100 | N9: 3291493.1 | O9: =N9*J9 -> 658298622
B10: 7 | C10: Garissa | D10: 200 | E10: -0.306497 | F10: 1 | G10: =(E10-MIN($E$4:$E$50))/(MAX($E$4:$E$50)-MIN($E$4:$E$50)) -> 0.15213691 | H10: =(F10-MIN($F$4:$F$50))/(MAX($F$4:$F$50)-MIN($F$4:$F$50)) -> 1 | I10: 0 | J10: 0 | K10: =($C$57*G10+$C$58*H10)*J10 -> 0 | L10: =D10*I10 -> 0 | M10: =$C$56*I10 -> 0 | N10: 3291493.1 | O10: =N10*J10 -> 0
B11: 8 | C11: Homa Bay | D11: 200 | E11: -0.041147 | F11: 0.606884 | G11: =(E11-MIN($E$4:$E$50))/(MAX($E$4:$E$50)-MIN($E$4:$E$50)) -> 0.53780604 | H11: =(F11-MIN($F$4:$F$50))/(MAX($F$4:$F$50)-MIN($F$4:$F$50)) -> 0.60688361 | I11: 0 | J11: 0 | K11: =($C$57*G11+$C$58*H11)*J11 -> 0 | L11: =D11*I11 -> 0 | M11: =$C$56*I11 -> 0 | N11: 3291489.4 | O11: =N11*J11 -> 0
B12: 9 | C12: Isiolo | D12: 200 | E12: -0.233018 | F12: 0.762421 | G12: =(E12-MIN($E$4:$E$50))/(MAX($E$4:$E$50)-MIN($E$4:$E$50)) -> 0.25893391 | H12: =(F12-MIN($F$4:$F$50))/(MAX($F$4:$F$50)-MIN($F$4:$F$50)) -> 0.76242076 | I12: 0 | J12: 0 | K12: =($C$57*G12+$C$58*H12)*J12 -> 0 | L12: =D12*I12 -> 0 | M12: =$C$56*I12 -> 0 | N12: 3291494 | O12: =N12*J12 -> 0
B13: 10 | C13: Kajiado | D13: 340 | E13: -0.233185 | F13: 0.21188 | G13: =(E13-MIN($E$4:$E$50))/(MAX($E$4:$E$50)-MIN($E$4:$E$50)) -> 0.25869118 | H13: =(F13-MIN($F$4:$F$50))/(MAX($F$4:$F$50)-MIN($F$4:$F$50)) -> 0.21187921 | I13: 0 | J13: 0 | K13: =($C$57*G13+$C$58*H13)*J13 -> 0 | L13: =D13*I13 -> 0 | M13: =$C$56*I13 -> 0 | N13: 3291492.4 | O13: =N13*J13 -> 0
B14: 11 | C14: Kakamega | D14: 232 | E14: 0.126411 | F14: 0.833203 | G14: =(E14-MIN($E$4:$E$50))/(MAX($E$4:$E$50)-MIN($E$4:$E$50)) -> 0.78134079 | H14: =(F14-MIN($F$4:$F$50))/(MAX($F$4:$F$50)-MIN($F$4:$F$50)) -> 0.83320283 | I14: 1 | J14: 232 | K14: =($C$57*G14+$C$58*H14)*J14 -> 186.08386 | L14: =D14*I14 -> 232 | M14: =$C$56*I14 -> 100 | N14: 3297151.9 | O14: =N14*J14 -> 7.6493923e+08
B15: 12 | C15: Kericho | D15: 200 | E15: -0.100535 | F15: 0.875606 | G15: =(E15-MIN($E$4:$E$50))/(MAX($E$4:$E$50)-MIN($E$4:$E$50)) -> 0.45148941 | H15: =(F15-MIN($F$4:$F$50))/(MAX($F$4:$F$50)-MIN($F$4:$F$50)) -> 0.87560588 | I15: 0 | J15: 0 | K15: =($C$57*G15+$C$58*H15)*J15 -> 0 | L15: =D15*I15 -> 0 | M15: =$C$56*I15 -> 0 | N15: 3291493.1 | O15: =N15*J15 -> 0
B16: 13 | C16: Kiambu | D16: 200 | E16: -0.088096 | F16: 1 | G16: =(E16-MIN($E$4:$E$50))/(MAX($E$4:$E$50)-MIN($E$4:$E$50)) -> 0.46956869 | H16: =(F16-MIN($F$4:$F$50))/(MAX($F$4:$F$50)-MIN($F$4:$F$50)) -> 1 | I16: 1 | J16: 200 | K16: =($C$57*G16+$C$58*H16)*J16 -> 136.34824 | L16: =D16*I16 -> 200 | M16: =$C$56*I16 -> 100 | N16: 3291489.4 | O16: =N16*J16 -> 658297872
B17: 14 | C17: Kilifi | D17: 200 | E17: -0.094739 | F17: 0.818172 | G17: =(E17-MIN($E$4:$E$50))/(MAX($E$4:$E$50)-MIN($E$4:$E$50)) -> 0.45991352 | H17: =(F17-MIN($F$4:$F$50))/(MAX($F$4:$F$50)-MIN($F$4:$F$50)) -> 0.81817182 | I17: 0 | J17: 0 | K17: =($C$57*G17+$C$58*H17)*J17 -> 0 | L17: =D17*I17 -> 0 | M17: =$C$56*I17 -> 0 | N17: 3291493.1 | O17: =N17*J17 -> 0
B18: 15 | C18: Kirinyaga | D18: 200 | E18: -0.033449 | F18: 1 | G18: =(E18-MIN($E$4:$E$50))/(MAX($E$4:$E$50)-MIN($E$4:$E$50)) -> 0.54899459 | H18: =(F18-MIN($F$4:$F$50))/(MAX($F$4:$F$50)-MIN($F$4:$F$50)) -> 1 | I18: 1 | J18: 200 | K18: =($C$57*G18+$C$58*H18)*J18 -> 145.87935 | L18: =D18*I18 -> 200 | M18: =$C$56*I18 -> 100 | N18: 3291489.4 | O18: =N18*J18 -> 658297872
... B50: 47 | C50: West Pokot | D50: 200 | E50: -0.12347 | F50: 1e-06 | G50: =(E50-MIN($E$4:$E$50))/(MAX($E$4:$E$50)-MIN($E$4:$E$50)) -> 0.41815486 | H50: =(F50-MIN($F$4:$F$50))/(MAX($F$4:$F$50)-MIN($F$4:$F$50)) -> 0 | I50: 0 | J50: 0 | K50: =($C$57*G50+$C$58*H50)*J50 -> 0 | L50: =D50*I50 -> 0 | M50: =$C$56*I50 -> 0 | N50: 3291489.4 | O50: =N50*J50 -> 0
B51: TOTALS
B52: Counties active (sum of x_c): | D52: =SUM(I4:I50) -> 26
B53: Total units allocated (sum of u_c): | D53: =SUM(J4:J50) -> 6000
B54: TOTAL_BUDGET_KSH | C54: 73200000000
B55: NATIONAL_UNIT_QUOTA (delivery-constrained) | C55: 6000
B56: UMIN_UNITS (activation floor) | C56: 100
B57: VULNERABILITY_WT | C57: 0.6
B58: EFFICIENCY_WT | C58: 0.4
B60: Column key: D=cap_c | E=mean_hfvs, F=rho_sbm_bc (REAL) | G,H=normalised 0-1 (formula) | I=x_c, J=u_c (SOLVER cells, yellow) | K=objective contribution | L,M=constraint checks | N=unit_cost_ksh (REAL) | O=cost_c. Solver's objective cell is $R$4; budget total is $R$2; unit total is $R$3.

Sheet County_Spotlight
B1: County Spotlight - what the model implies for one county
B2: Run Solver on MILP_Model first, then pick a county below. Every number here updates from that solved sheet - nothing here needs Solver run again.
B4: Select county: | C4: Trans Nzoia
B6: cap_c (delivery-capacity ceiling) | C6: =INDEX(MILP_Model!$D$4:$D$50,MATCH($C$4,MILP_Model!$C$4:$C$50,0)) -> 200 | D6: The independently-sourced ceiling on how many units this county can plausibly deliver in a year.
B7: mean_hfvs (vulnerability) | C7: =INDEX(MILP_Model!$E$4:$E$50,MATCH($C$4,MILP_Model!$C$4:$C$50,0)) -> 0.055596 | D7: This county's mean household financial vulnerability score.
B8: rho_sbm_bc (efficiency) | C8: =INDEX(MILP_Model!$F$4:$F$50,MATCH($C$4,MILP_Model!$C$4:$C$50,0)) -> 0.960941 | D8: This county's bias-corrected SBM efficiency score (1.0 = frontier).
B9: unit_cost_ksh | C9: =INDEX(MILP_Model!$N$4:$N$50,MATCH($C$4,MILP_Model!$C$4:$C$50,0)) -> 3291610.7 | D9: This county's real, land-price-adjusted cost per unit.
B10: SOLVED allocation (u_c) | C10: =INDEX(MILP_Model!$J$4:$J$50,MATCH($C$4,MILP_Model!$C$4:$C$50,0)) -> 200 | D10: What Solver actually gave this county, given every other county's allocation.
B11: Activated? (x_c) | C11: =IF(INDEX(MILP_Model!$I$4:$I$50,MATCH($C$4,MILP_Model!$C$4:$C$50,0))=1,"Yes","No") -> Yes | D11: Whether the county was funded at all under Regime A.
B13: WHY (binding constraint)
B14: Binding constraint for this county: | C14: =IF(C11="No","Not activated",IF(C10>=C6-0.5,"CAPACITY - already at its delivery ceiling; more money/quota would not help without relaxing this",IF(MILP_Model!$R$6<1,"NATIONAL QUOTA - the 6,000-unit national cap is exhausted",IF(MILP_Model!$R$5<C9,"BUDGET - national revenue is exhausted before this county could get more","UNCONSTRAINED - could take more units without hitting a national limit")))) -> CAPACITY - already at its delivery ceiling; more money/quota would not help without relaxing this
B16: WHAT WOULD UNLOCK MORE FOR THIS COUNTY
B17: Room left in its OWN capacity ceiling: | C17: =C6-C10 -> 0 | D17: cap_c minus its current solved allocation.
B18: Extra units it could absorb RIGHT NOW, | C18: =MIN(C17,FLOOR(MILP_Model!$R$5/C9,1),MILP_Model!$R$6) -> 0 | D18: without touching any other county's allocation - the smallest of (a) its own remaining capacity headroom, (b) what today's leftover national budget can still buy at this county's unit cost, (c) what's left of the national quota.
B19: Absolute ceiling in isolation | C19: =MIN(C6,FLOOR(MILP_Model!$C$54/C9,1),MILP_Model!$C$55) -> 200 | D19: If this county got the ENTIRE national budget and quota to itself with no other county funded - shows whether it is fundamentally capacity-capped regardless of money (if this number equals cap_c, capacity is the real ceiling for this county no matter how the levy is allocated).
